Country	Year	Sex	Age	Px_Low	Px_Medium	Px_High	Px_All	Dx_Low	Dx_Medium	Dx_High	Dx_All	mx_Low	mx_Medium	mx_High	mx_All	ax_Low	ax_Medium	ax_High	ax_All	qx_Low	qx_Medium	qx_High	qx_All	lx_Low	lx_Medium	lx_High	lx_All	Lx_Low	Lx_Medium	Lx_High	Lx_All	ex_Low	ex_Medium	ex_High	ex_All
United	1990	Females	30-34	1234230	7350940	2520580	11105750	2053	6093	1105	9250	0.00166	0.00083	0.00044	0.00083	2.57	2.6	2.69	2.61	0.00828	0.00414	0.00219	0.00416	1	1	1	1	4.9799	4.9901	4.9949	4.99	49.53	49.85	51.52	50.34
United	1990	Females	35-39	1074071	6468077	2496496	10038644	2318	7426	1749	11494	0.00216	0.00115	0.0007	0.00114	2.58	2.59	2.64	2.6	0.01073	0.00573	0.0035	0.00571	0.9917	0.9959	0.9978	0.9958	4.9329	4.9656	4.9808	4.9656	44.93	45.05	46.63	45.54
United	1990	Females	40-44	1066173	5732170	2129909	8928252	2992	9361	2257	14610	0.00281	0.00163	0.00106	0.00164	2.65	2.6	2.57	2.6	0.01394	0.00813	0.00529	0.00815	0.9811	0.9902	0.9943	0.9902	4.8732	4.9315	4.9588	4.9315	40.39	40.29	41.78	40.79
United	1990	Females	45-49	1153769	4570321	1391039	7115129	4491	11798	2473	18762	0.00389	0.00258	0.00178	0.00264	2.68	2.61	2.54	2.62	0.01929	0.01283	0.00885	0.0131	0.9674	0.9821	0.9891	0.9821	4.7937	4.8804	4.9237	4.8798	35.92	35.6	36.99	36.1
United	1990	Females	50-54	1237461	3754016	908448	5899925	6935	15590	2674	25198	0.0056	0.00415	0.00294	0.00427	2.7	2.64	2.58	2.65	0.02767	0.02056	0.01461	0.02114	0.9487	0.9695	0.9803	0.9692	4.6834	4.8006	4.8669	4.798	31.57	31.03	32.3	31.54
United	1990	Females	55-59	1400226	3374044	686236	5460506	11313	22560	3471	37343	0.00808	0.00669	0.00506	0.00684	2.74	2.69	2.64	2.7	0.03967	0.03292	0.02499	0.03366	0.9225	0.9496	0.966	0.9487	4.5297	4.6756	4.7729	4.6701	27.39	26.63	27.74	27.17
United	1990	Females	60-64	1678662	3362633	621910	5663205	19952	35828	4940	60720	0.01189	0.01065	0.00794	0.01072	2.7	2.67	2.63	2.68	0.05785	0.05198	0.03898	0.05231	0.8859	0.9183	0.9418	0.9168	4.3116	4.4804	4.6224	4.4726	23.41	22.44	23.38	23.02
United	1990	Females	65-69	1848890	3242362	502856	5594108	30463	51878	6648	88989	0.01648	0.016	0.01322	0.01591	2.66	2.6	2.6	2.62	0.07932	0.07705	0.06407	0.07664	0.8346	0.8706	0.9051	0.8688	4.0182	4.1922	4.3866	4.1859	19.69	18.52	19.22	19.14
United	1990	Females	70-74	1801630	2419159	389433	4610222	43016	61697	8208	112921	0.02388	0.0255	0.02108	0.02449	2.65	2.57	2.62	2.6	0.11303	0.12006	0.10034	0.11567	0.7684	0.8035	0.8471	0.8022	3.6377	3.7827	4.0332	3.7886	16.15	14.85	15.36	15.51
United	1990	Females	75-79	1717331	1693963	312686	3723980	60564	71400	11297	143261	0.03527	0.04215	0.03613	0.03847	2.6	2.54	2.63	2.57	0.16259	0.19093	0.16642	0.17592	0.6816	0.707	0.7621	0.7095	3.1423	3.2027	3.5105	3.2443	12.87	11.53	11.78	12.2
United	1990	Females	80-84	1269575	1048687	227468	2545730	72948	74405	15463	162816	0.05746	0.07095	0.06798	0.06396	2.54	2.48	2.54	2.51	0.25167	0.30101	0.29118	0.27589	0.5708	0.572	0.6353	0.5846	2.5	2.4269	2.7212	2.522	9.87	8.65	8.61	9.26
United	1990	Females	85-89	775585	533367	110542	1419494	73420	65529	14169	153119	0.09466	0.12286	0.12818	0.10787	2.53	2.46	2.47	2.49	0.38348	0.46831	0.48409	0.42456	0.4271	0.3998	0.4503	0.4233	1.7303	1.5241	1.7007	1.6663	7.33	6.31	6.1	6.83
United	1990	Females	90+	434200	261294	49652	745146	81847	62665	13625	158137	0.18786	0.21285	0.22165	0.19887	5.32	4.7	4.51	5.03	1	1	1	1	0.2633	0.2126	0.2323	0.2436	1.4017	0.9988	1.0481	1.225	5.32	4.7	4.51	5.03
United	2010	Females	30-34	989228	5447137	3550594	9986959	1374	4746	1113	7233	0.00139	0.00087	0.00031	0.00072	2.64	2.62	2.67	2.63	0.00692	0.00435	0.00157	0.00362	1	1	1	1	4.9836	4.9897	4.9963	4.9914	48.79	51.93	55.32	52.25
United	2010	Females	35-39	1026384	5664718	3499393	10190495	1993	6711	1693	10398	0.00194	0.00118	0.00048	0.00102	2.68	2.68	2.67	2.68	0.00967	0.00591	0.00242	0.00509	0.9931	0.9957	0.9984	0.9964	4.9431	4.9646	4.9865	4.9702	44.11	47.15	50.4	47.43
United	2010	Females	40-44	1020622	6160866	3424927	10606415	3061	10659	2482	16201	0.003	0.00173	0.00072	0.00153	2.73	2.74	2.7	2.73	0.01489	0.00862	0.00362	0.00761	0.9835	0.9898	0.996	0.9913	4.8841	4.9296	4.9718	4.9395	39.51	42.41	45.52	42.66
United	2010	Females	45-49	1085049	7097479	3271717	11454245	5377	19220	4026	28624	0.00496	0.00271	0.00123	0.0025	2.67	2.7	2.7	2.69	0.0245	0.01346	0.00614	0.01242	0.9688	0.9812	0.9924	0.9838	4.7889	4.8758	4.9481	4.8906	35.07	37.76	40.67	37.97
United	2010	Females	50-54	1071842	7145321	3139200	11356363	7524	28759	6284	42567	0.00702	0.00402	0.002	0.00375	2.6	2.62	2.67	2.62	0.03452	0.01993	0.00996	0.01858	0.9451	0.968	0.9863	0.9715	4.6471	4.7942	4.9087	4.8148	30.88	33.24	35.91	33.41
United	2010	Females	55-59	989066	6252702	2889106	10130874	8863	35259	9065	53188	0.00896	0.00564	0.00314	0.00525	2.61	2.6	2.61	2.6	0.04387	0.02782	0.01557	0.02592	0.9125	0.9487	0.9765	0.9535	4.4667	4.6803	4.8461	4.7082	26.9	28.86	31.24	29
United	2010	Females	60-64	1000785	5516014	2379697	8896496	12245	45070	11008	68323	0.01224	0.00817	0.00463	0.00768	2.64	2.58	2.53	2.58	0.05946	0.04006	0.02287	0.0377	0.8724	0.9223	0.9613	0.9288	4.2398	4.5223	4.7523	4.5593	23.01	24.61	26.69	24.7
United	2010	Females	65-69	968195	4241312	1429247	6638754	17070	52513	10862	80445	0.01763	0.01238	0.0076	0.01212	2.64	2.57	2.51	2.57	0.08463	0.0601	0.03729	0.05886	0.8206	0.8854	0.9393	0.8938	3.9388	4.2976	4.6092	4.3412	19.3	20.53	22.26	20.56
United	2010	Females	70-74	947674	3225886	900381	5073941	23491	62226	11290	97007	0.02479	0.01929	0.01254	0.01912	2.64	2.6	2.56	2.61	0.1171	0.09218	0.06084	0.09141	0.7511	0.8322	0.9043	0.8412	3.5485	3.9769	4.3874	4.0218	15.84	16.68	18.02	16.69
United	2010	Females	75-79	894580	2578800	608033	4081413	33417	82573	14355	130346	0.03736	0.03202	0.02361	0.03194	2.66	2.63	2.63	2.64	0.17176	0.14881	0.11179	0.14848	0.6632	0.7555	0.8493	0.7643	3.0493	3.511	4.0214	3.5533	12.59	13.11	14.02	13.11
United	2010	Females	80-84	836669	2144931	467215	3448815	49107	114109	20269	183485	0.05869	0.0532	0.04338	0.0532	2.61	2.6	2.59	2.6	0.25738	0.23591	0.19638	0.23593	0.5493	0.6431	0.7543	0.6508	2.4086	2.8516	3.4147	2.886	9.65	9.94	10.46	9.93
United	2010	Females	85-89	600931	1472069	264998	2337998	59587	139021	23136	221744	0.09916	0.09444	0.08731	0.09484	2.63	2.55	2.59	2.58	0.40155	0.38359	0.36069	0.38567	0.4079	0.4913	0.6062	0.4972	1.6518	1.9957	2.5044	2.022	7.09	7.21	7.38	7.19
United	2010	Females	90+	450118	809956	177102	1437176	87221	150224	30435	267881	0.1971	0.19604	0.19671	0.19645	5.07	5.1	5.08	5.09	1	1	1	1	0.2441	0.3029	0.3875	0.3055	1.2385	1.545	1.9701	1.5549	5.07	5.1	5.08	5.09
United	1990	Males	30-34	1417774	6965353	2645585	11028712	5984	15532	2756	24272	0.00422	0.00223	0.00104	0.0022	2.51	2.56	2.71	2.57	0.02088	0.01109	0.0052	0.01095	1	1	1	1	4.948	4.973	4.9881	4.9734	41.73	43.73	47.09	44.19
United	1990	Males	35-39	1131307	5964203	2758423	9853933	5893	17374	4344	27611	0.00521	0.00291	0.00157	0.0028	2.51	2.53	2.64	2.54	0.02571	0.01446	0.00784	0.01391	0.9791	0.9889	0.9948	0.9891	4.833	4.9092	4.9556	4.9114	37.56	39.2	42.33	39.65
United	1990	Males	40-44	1062507	4899378	2750747	8712632	6386	17865	5621	29872	0.00601	0.00365	0.00204	0.00343	2.59	2.52	2.54	2.54	0.02962	0.01807	0.01017	0.017	0.9539	0.9746	0.987	0.9753	4.7016	4.8293	4.9104	4.8357	33.49	34.73	37.64	35.17
United	1990	Males	45-49	1137792	3806621	1903669	6848082	8666	18935	5507	33109	0.00762	0.00497	0.00289	0.00483	2.65	2.56	2.51	2.57	0.03741	0.02457	0.01436	0.02389	0.9257	0.957	0.977	0.9587	4.5471	4.7275	4.8499	4.738	29.43	30.33	33	30.73
United	1990	Males	50-54	1167744	3076512	1309736	5553992	12703	22917	5951	41572	0.01088	0.00745	0.00454	0.00749	2.69	2.62	2.61	2.64	0.05306	0.0366	0.02247	0.03677	0.891	0.9335	0.9629	0.9358	4.3459	4.586	4.763	4.5977	25.47	26.03	28.44	26.42
United	1990	Males	55-59	1277308	2597764	1106598	4981670	20051	31804	8693	60548	0.0157	0.01224	0.00786	0.01215	2.74	2.65	2.65	2.68	0.0758	0.0595	0.03857	0.0591	0.8438	0.8993	0.9413	0.9014	4.074	4.3711	4.6212	4.3834	21.75	21.92	24.04	22.33
United	1990	Males	60-64	1587775	2404623	961424	4953822	35345	46518	12288	94151	0.02226	0.01935	0.01278	0.01901	2.67	2.64	2.63	2.65	0.10581	0.09251	0.06202	0.09097	0.7798	0.8458	0.905	0.8481	3.7066	4.0446	4.3918	4.0593	18.31	18.13	19.9	18.57
United	1990	Males	65-69	1555977	2216767	765654	4538398	48446	63756	16198	128399	0.03114	0.02876	0.02116	0.02829	2.61	2.58	2.55	2.59	0.14488	0.13445	0.10057	0.13242	0.6973	0.7676	0.8489	0.771	3.2447	3.5882	4.0353	3.6085	15.16	14.71	16.04	15.16
United	1990	Males	70-74	1342656	1622223	464541	3429420	60084	71370	16307	147760	0.04475	0.044	0.0351	0.04309	2.58	2.52	2.51	2.54	0.20191	0.1983	0.16138	0.1948	0.5963	0.6644	0.7635	0.6689	2.6904	2.9945	3.5101	3.0241	12.29	11.6	12.55	12.08
United	1990	Males	75-79	1108242	959865	276825	2344932	72398	68907	16622	157927	0.06533	0.07179	0.06005	0.06735	2.52	2.44	2.5	2.49	0.28116	0.30327	0.26107	0.28799	0.4759	0.5326	0.6403	0.5386	2.0482	2.2501	2.7838	2.3031	9.74	8.85	9.48	9.38
United	1990	Males	80-84	714449	468964	159583	1342996	68554	52561	16466	137581	0.09595	0.11208	0.10318	0.10244	2.43	2.35	2.43	2.4	0.38489	0.43207	0.40779	0.40448	0.3421	0.3711	0.4731	0.3835	1.3721	1.4306	1.8698	1.5141	7.56	6.63	6.94	7.17
United	1990	Males	85-89	350715	172900	65175	588790	49631	31060	11128	91819	0.14151	0.17964	0.17074	0.15595	2.36	2.27	2.32	2.32	0.51502	0.60284	0.58555	0.55016	0.2104	0.2108	0.2802	0.2284	0.7658	0.7073	0.9609	0.8057	5.78	4.89	5.05	5.42
United	1990	Males	90+	150986	64855	22618	238459	34738	18653	6743	60134	0.22697	0.25895	0.25547	0.23837	4.41	3.86	3.91	4.2	1	1	1	1	0.102	0.0837	0.1161	0.1027	0.4496	0.3232	0.4545	0.431	4.41	3.86	3.91	4.2
United	2010	Males	30-34	1310966	5829351	2854817	9995134	3473	9858	1433	14764	0.00265	0.00169	0.0005	0.00148	2.53	2.54	2.62	2.54	0.01316	0.00842	0.00251	0.00736	1	1	1	1	4.9675	4.9793	4.994	4.9819	43.19	47.2	52.58	47.97
United	2010	Males	35-39	1270423	5843585	2957907	10071915	3875	11657	2083	17615	0.00305	0.00199	0.0007	0.00175	2.61	2.63	2.67	2.63	0.01514	0.00993	0.00352	0.00871	0.9868	0.9916	0.9975	0.9926	4.8985	4.9346	4.9793	4.9427	38.73	42.58	47.7	43.31
United	2010	Males	40-44	1242624	6191909	3039305	10473838	5544	17174	3104	25821	0.00446	0.00277	0.00102	0.00247	2.73	2.72	2.7	2.72	0.02208	0.01378	0.00509	0.01226	0.9719	0.9817	0.994	0.984	4.8108	4.8778	4.9583	4.8925	34.28	37.98	42.86	38.67
United	2010	Males	45-49	1353528	6798685	3036498	11188711	9976	29865	5107	44949	0.00737	0.00439	0.00168	0.00402	2.68	2.69	2.7	2.69	0.03623	0.02174	0.00838	0.0199	0.9504	0.9682	0.9889	0.9719	4.6723	4.7925	4.9255	4.815	30	33.47	38.07	34.11
United	2010	Males	50-54	1268937	6688844	2967538	10925319	14107	44999	7971	67076	0.01112	0.00673	0.00269	0.00614	2.59	2.63	2.71	2.63	0.05413	0.03311	0.01335	0.03026	0.916	0.9472	0.9806	0.9526	4.4605	4.6614	4.8732	4.6946	26.02	29.16	33.37	29.75
United	2010	Males	55-59	1010223	5604422	2895775	9510420	16047	57531	13204	86781	0.01588	0.01027	0.00456	0.00912	2.57	2.57	2.68	2.59	0.07647	0.05008	0.02256	0.04464	0.8664	0.9158	0.9675	0.9238	4.1709	4.4675	4.7871	4.5193	22.37	25.07	28.78	25.6
United	2010	Males	60-64	896897	4535579	2772784	8205260	19304	63935	19290	102528	0.02152	0.0141	0.00696	0.0125	2.59	2.53	2.56	2.55	0.10232	0.06811	0.0342	0.06062	0.8002	0.8699	0.9457	0.8825	3.8039	4.2031	4.6498	4.2814	19.01	21.25	24.39	21.67
United	2010	Males	65-69	841537	3240659	1778578	5860774	24825	65511	19191	109527	0.0295	0.02022	0.01079	0.01869	2.59	2.52	2.52	2.53	0.13772	0.09624	0.05254	0.08932	0.7183	0.8107	0.9134	0.829	3.3532	3.8597	4.4477	3.9625	15.88	17.62	20.16	17.91
United	2010	Males	70-74	760156	2381266	1158313	4299735	30248	69063	20883	120194	0.03979	0.029	0.01803	0.02795	2.58	2.54	2.58	2.56	0.18151	0.13535	0.08638	0.13084	0.6194	0.7327	0.8654	0.755	2.8253	3.4192	4.1463	3.5337	13	14.23	16.14	14.41
United	2010	Males	75-79	652954	1685659	840051	3178664	37069	78286	27660	143015	0.05677	0.04644	0.03293	0.04499	2.6	2.55	2.6	2.57	0.24978	0.20847	0.15258	0.2028	0.5069	0.6335	0.7906	0.6562	2.2305	2.8437	3.6636	2.9577	10.31	11.06	12.42	11.2
United	2010	Males	80-84	560875	1165896	576028	2302799	47559	87150	34126	168834	0.08479	0.07475	0.05924	0.07332	2.52	2.51	2.53	2.52	0.35038	0.31508	0.25846	0.31015	0.3803	0.5014	0.67	0.5231	1.5715	2.1136	2.923	2.213	7.87	8.3	9.19	8.39
United	2010	Males	85-89	305299	637131	305850	1248280	42318	82093	33300	157711	0.13861	0.12885	0.10888	0.12634	2.44	2.43	2.44	2.43	0.51155	0.48391	0.42556	0.47701	0.2471	0.3434	0.4968	0.3609	0.9118	1.2898	1.9419	1.3625	5.76	5.97	6.5	6.03
United	2010	Males	90+	154737	264409	121879	541025	35402	58983	23794	118180	0.23624	0.23341	0.22137	0.23151	4.23	4.28	4.52	4.32	1	1	1	1	0.1207	0.1772	0.2854	0.1887	0.5108	0.7594	1.2892	0.8152	4.23	4.28	4.52	4.32
United	1990	All	30-34	2652004	14316293	5166165	22134462	8037	21625	3861	33522	0.00303	0.00151	0.00075	0.00151	2.52	2.57	2.7	2.58	0.01504	0.00752	0.00373	0.00754	1	1	1	1	4.9628	4.9818	4.9914	4.9817	45.55	47.09	49.02	47.36
United	1990	All	35-39	2205378	12432280	5254919	19892577	8211	24801	6093	39105	0.00372	0.00199	0.00116	0.00197	2.53	2.55	2.64	2.56	0.01845	0.00993	0.00578	0.00978	0.985	0.9925	0.9963	0.9925	4.88	4.9382	4.9677	4.9386	41.21	42.43	44.2	42.7
United	1990	All	40-44	2128680	10631548	4880656	17640884	9379	27225	7878	44482	0.00441	0.00256	0.00161	0.00252	2.61	2.55	2.55	2.56	0.0218	0.01272	0.00804	0.01253	0.9668	0.9826	0.9905	0.9827	4.7836	4.8824	4.933	4.8837	36.94	37.83	39.44	38.09
United	1990	All	45-49	2291561	8376942	3294708	13963211	13157	30733	7980	51870	0.00574	0.00367	0.00242	0.00371	2.66	2.58	2.52	2.59	0.02833	0.01818	0.01204	0.01841	0.9457	0.9701	0.9825	0.9704	4.666	4.8079	4.8834	4.8091	32.7	33.28	34.74	33.54
United	1990	All	50-54	2405205	6830528	2218184	11453917	19638	38507	8625	66770	0.00816	0.00564	0.00389	0.00583	2.69	2.63	2.6	2.64	0.04007	0.02782	0.01926	0.02875	0.9189	0.9525	0.9707	0.9526	4.5097	4.6996	4.8087	4.6983	28.58	28.85	30.13	29.12
United	1990	All	55-59	2677534	5971808	1792834	10442176	31364	54363	12164	97891	0.01171	0.0091	0.00678	0.00937	2.74	2.67	2.65	2.69	0.05706	0.04457	0.03339	0.04588	0.8821	0.926	0.952	0.9252	4.2966	4.5337	4.6853	4.5277	24.66	24.6	25.67	24.91
United	1990	All	60-64	3266437	5767256	1583334	10617027	55298	82346	17228	154872	0.01693	0.01428	0.01088	0.01459	2.68	2.66	2.63	2.66	0.08145	0.06908	0.05304	0.07053	0.8318	0.8847	0.9202	0.8827	4.0016	4.2803	4.4855	4.268	20.98	20.62	21.47	20.98
United	1990	All	65-69	3404867	5459129	1268510	10132506	78909	115634	22846	217389	0.02318	0.02118	0.01801	0.02145	2.63	2.59	2.57	2.6	0.10983	0.10077	0.08627	0.10202	0.764	0.8236	0.8714	0.8205	3.6209	3.9181	4.1742	3.9016	17.61	16.95	17.52	17.37
United	1990	All	70-74	3144286	4041382	853974	8039642	103100	133067	24514	260681	0.03279	0.03293	0.02871	0.03242	2.61	2.54	2.54	2.57	0.15203	0.15229	0.13408	0.15027	0.6801	0.7406	0.7962	0.7368	3.1534	3.4254	3.7189	3.4145	14.45	13.56	13.93	14.04
United	1990	All	75-79	2825573	2653828	589511	6068912	132962	140307	27919	301188	0.04706	0.05287	0.04736	0.04963	2.56	2.49	2.56	2.53	0.21105	0.23339	0.21223	0.22102	0.5767	0.6278	0.6895	0.6261	2.5866	2.7715	3.0897	2.7882	11.58	10.55	10.7	11.07
United	1990	All	80-84	1984024	1517651	387051	3888726	141502	126966	31929	300397	0.07132	0.08366	0.08249	0.07725	2.49	2.43	2.48	2.46	0.30237	0.34423	0.34155	0.32291	0.455	0.4813	0.5432	0.4877	1.929	1.9804	2.2488	2.0386	8.99	8	7.89	8.5
United	1990	All	85-89	1126300	706267	175717	2008284	123051	96590	25297	244938	0.10925	0.13676	0.14396	0.12196	2.46	2.4	2.4	2.43	0.42752	0.50452	0.52403	0.4643	0.3174	0.3156	0.3576	0.3302	1.2421	1.1643	1.3018	1.257	6.81	5.92	5.7	6.38
United	1990	All	90+	585186	326149	72270	983605	116585	81318	20368	218271	0.19775	0.22207	0.23118	0.20827	5.06	4.5	4.33	4.8	1	1	1	1	0.1817	0.1564	0.1702	0.1769	0.9189	0.7042	0.7363	0.8494	5.06	4.5	4.33	4.8
United	2010	All	30-34	2300194	11276488	6405411	19982093	4847	14604	2546	21997	0.00211	0.0013	0.0004	0.0011	2.56	2.57	2.64	2.57	0.01048	0.00646	0.00199	0.00549	1	1	1	1	4.9744	4.9843	4.9953	4.9867	45.89	49.74	53.8	50.18
United	2010	All	35-39	2296807	11508303	6457300	20262410	5868	18368	3777	28013	0.00255	0.0016	0.00058	0.00138	2.63	2.65	2.67	2.65	0.0127	0.00795	0.00292	0.00689	0.9895	0.9935	0.998	0.9945	4.9179	4.9492	4.9833	4.9564	41.34	45.05	48.9	45.44
United	2010	All	40-44	2263246	12352775	6464232	21080253	8605	27832	5586	42023	0.0038	0.00225	0.00086	0.00199	2.73	2.73	2.7	2.73	0.01885	0.01121	0.00431	0.00992	0.977	0.9856	0.9951	0.9877	4.843	4.9031	4.9656	4.916	36.84	40.39	44.04	40.74
United	2010	All	45-49	2438577	13896164	6308215	22642956	15354	49086	9133	73572	0.0063	0.00353	0.00145	0.00325	2.68	2.69	2.7	2.69	0.03103	0.01752	0.00721	0.01613	0.9585	0.9746	0.9908	0.9779	4.7236	4.8336	4.9376	4.8529	32.5	35.81	39.21	36.12
United	2010	All	50-54	2340779	13834165	6106738	22281682	21631	73758	14255	109643	0.00924	0.00533	0.00233	0.00492	2.59	2.62	2.69	2.63	0.0452	0.02632	0.01161	0.02432	0.9288	0.9575	0.9837	0.9621	4.5429	4.7277	4.8919	4.7549	28.45	31.4	34.48	31.67
United	2010	All	55-59	1999289	11857124	5784881	19641294	24910	92790	22269	139969	0.01246	0.00783	0.00385	0.00713	2.58	2.58	2.65	2.59	0.06048	0.0384	0.01908	0.03503	0.8868	0.9323	0.9722	0.9387	4.3045	4.5749	4.8176	4.6143	24.68	27.18	29.85	27.39
United	2010	All	60-64	1897682	10051593	5152481	17101756	31548	109005	30297	170851	0.01662	0.01084	0.00588	0.00999	2.61	2.55	2.55	2.56	0.07995	0.05282	0.02898	0.04876	0.8332	0.8965	0.9537	0.9058	4.0069	4.3665	4.7009	4.4213	21.1	23.17	25.38	23.29
United	2010	All	65-69	1809732	7481971	3207825	12499528	41896	118024	30053	189973	0.02315	0.01577	0.00937	0.0152	2.61	2.54	2.51	2.55	0.10968	0.07593	0.04578	0.07326	0.7666	0.8492	0.9261	0.8616	3.632	4.0872	4.5248	4.1536	17.7	19.31	21.06	19.36
United	2010	All	70-74	1707830	5607152	2058694	9373676	53738	131290	32173	217201	0.03147	0.02341	0.01563	0.02317	2.61	2.57	2.58	2.58	0.14633	0.11077	0.07529	0.10971	0.6825	0.7847	0.8837	0.7985	3.1739	3.7121	4.2571	3.7806	14.56	15.69	16.95	15.69
United	2010	All	75-79	1547534	4264459	1448084	7260077	70486	160860	42016	273361	0.04555	0.03772	0.02901	0.03765	2.63	2.59	2.61	2.6	0.20552	0.17289	0.13567	0.17268	0.5826	0.6978	0.8171	0.7109	2.629	3.1982	3.8207	3.2603	11.61	12.33	13.12	12.3
United	2010	All	80-84	1397544	3310827	1043243	5751614	96666	201259	54395	352319	0.06917	0.06079	0.05214	0.06126	2.57	2.56	2.56	2.56	0.29604	0.26472	0.23123	0.26649	0.4629	0.5771	0.7063	0.5882	1.9811	2.5133	3.1321	2.5587	8.94	9.36	9.77	9.32
United	2010	All	85-89	906230	2109200	570848	3586278	101905	221114	56436	379455	0.11245	0.10483	0.09886	0.10581	2.55	2.51	2.5	2.52	0.44092	0.41558	0.39634	0.41902	0.3259	0.4244	0.543	0.4314	1.2777	1.6822	2.1767	1.7085	6.62	6.81	6.95	6.78
United	2010	All	90+	604855	1074365	298981	1978201	122623	209208	54230	386061	0.20742	0.20521	0.20559	0.20594	4.82	4.87	4.86	4.86	1	1	1	1	0.1822	0.248	0.3278	0.2506	0.8783	1.2086	1.5943	1.2171	4.82	4.87	4.86	4.86
Italy	1991	Females	30-34	1156452	707284	158457	2022193	889	243	63	1195	0.00077	0.00034	0.0004	0.00059	2.58	2.47	2.58	2.56	0.00384	0.00172	0.00199	0.00295	1	1	1	1	4.9907	4.9957	4.9952	4.9928	51.2	56.18	55.4	51.54
Italy	1991	Females	35-39	1211508	525676	162636	1899820	1081	230	57	1367	0.00089	0.00044	0.00035	0.00072	2.68	2.56	2.68	2.66	0.00445	0.00218	0.00174	0.00359	0.9962	0.9983	0.998	0.997	4.9705	4.9861	4.986	4.9769	46.39	51.27	50.5	46.69
Italy	1991	Females	40-44	1439250	391555	142447	1973252	1822	309	112	2243	0.00127	0.00079	0.00079	0.00114	2.69	2.56	2.6	2.67	0.00631	0.00394	0.00393	0.00567	0.9917	0.9961	0.9963	0.9935	4.9442	4.971	4.972	4.9542	41.58	46.38	45.59	41.84
Italy	1991	Females	45-49	1407884	249531	79504	1736919	2768	326	108	3202	0.00197	0.00131	0.00136	0.00184	2.72	2.54	2.49	2.7	0.00979	0.00651	0.00676	0.00918	0.9855	0.9922	0.9924	0.9878	4.9054	4.945	4.9449	4.9183	36.83	41.55	40.76	37.07
Italy	1991	Females	50-54	1609688	205818	49861	1865367	4768	371	105	5244	0.00296	0.0018	0.0021	0.00281	2.7	2.55	2.49	2.69	0.01471	0.00898	0.01045	0.01397	0.9758	0.9857	0.9857	0.9788	4.8461	4.9069	4.9024	4.8622	32.17	36.8	36.02	32.39
Italy	1991	Females	55-59	1583713	133249	32307	1749269	7349	417	105	7871	0.00464	0.00313	0.00324	0.0045	2.7	2.59	2.54	2.7	0.02296	0.01555	0.01606	0.02227	0.9615	0.9769	0.9754	0.9651	4.7567	4.8477	4.8382	4.776	27.61	32.11	31.37	27.81
Italy	1991	Females	60-64	1590166	121391	31133	1742690	11961	555	126	12642	0.00752	0.00457	0.00403	0.00725	2.7	2.64	2.67	2.7	0.03697	0.02262	0.01998	0.03568	0.9394	0.9617	0.9597	0.9436	4.6172	4.7569	4.7537	4.6405	23.19	27.58	26.84	23.38
Italy	1991	Females	65-69	1524905	105584	28193	1658682	18880	777	206	19863	0.01238	0.00736	0.00731	0.01198	2.6	2.53	2.51	2.6	0.06012	0.03615	0.0359	0.0582	0.9047	0.9399	0.9405	0.9099	4.3931	4.6157	4.6185	4.4227	18.98	23.16	22.33	19.14
Italy	1991	Females	70-74	1033786	56753	14656	1105195	21454	664	135	22254	0.02075	0.01171	0.00924	0.02014	2.72	2.56	2.43	2.72	0.09909	0.05691	0.04513	0.09626	0.8503	0.906	0.9067	0.857	4.0597	4.404	4.4286	4.0967	15.03	18.93	18.07	15.17
Italy	1991	Females	75-79	1059215	39206	8086	1106507	42049	969	162	43180	0.0397	0.02473	0.01998	0.03902	2.67	2.61	2.56	2.67	0.18167	0.11672	0.09525	0.17883	0.766	0.8544	0.8658	0.7745	3.5055	4.0332	4.1277	3.5492	11.38	14.92	13.81	11.49
Italy	1991	Females	80-84	749492	31909	4115	785517	55263	1156	180	56599	0.07373	0.03622	0.04372	0.07205	2.65	2.76	2.61	2.66	0.31429	0.16753	0.19795	0.3082	0.6269	0.7547	0.7834	0.636	2.672	3.4903	3.5464	2.7204	8.31	11.55	10	8.41
Italy	1991	Females	85+	491244	20915	2697	514855	82685	2418	258	85361	0.16935	0.12026	0.14668	0.16723	5.91	8.32	6.82	5.98	1	1	1	1	0.4298	0.6282	0.6283	0.44	2.5383	5.2241	4.2835	2.631	5.91	8.32	6.82	5.98
Italy	2011	Females	30-34	470666	897969	528993	1897628	345	157	49	551	0.00073	0.00017	0.00009	0.00029	2.75	2.81	2.68	2.76	0.00366	0.00087	0.00046	0.00145	1	1	1	1	4.9918	4.9981	4.9989	4.9968	53.81	60.43	60.52	55.15
Italy	2011	Females	35-39	685007	1067617	539997	2292621	582	331	76	989	0.00085	0.00031	0.00014	0.00043	2.8	2.69	2.68	2.76	0.00424	0.00155	0.0007	0.00215	0.9963	0.9991	0.9995	0.9985	4.9724	4.9921	4.9961	4.9879	48.99	55.48	55.55	50.23
Italy	2011	Females	40-44	899614	1083707	433978	2417299	1184	463	115	1762	0.00132	0.00043	0.00026	0.00073	2.76	2.68	2.7	2.74	0.00656	0.00213	0.00132	0.00364	0.9921	0.9976	0.9988	0.9964	4.946	4.983	4.9911	4.9738	44.19	50.56	50.58	45.33
Italy	2011	Females	45-49	1026994	1045031	344455	2416480	2086	737	184	3007	0.00203	0.00071	0.00053	0.00124	2.68	2.65	2.65	2.67	0.01011	0.00352	0.00267	0.0062	0.9856	0.9954	0.9975	0.9928	4.905	4.969	4.9813	4.9495	39.46	45.67	45.65	40.49
Italy	2011	Females	50-54	997610	849779	273116	2120505	3022	983	251	4256	0.00303	0.00116	0.00092	0.00201	2.66	2.59	2.64	2.64	0.01504	0.00577	0.00459	0.00999	0.9756	0.9919	0.9949	0.9866	4.8438	4.946	4.9635	4.9098	34.84	40.82	40.76	35.72
Italy	2011	Females	55-59	1074428	612958	229224	1916610	4343	1178	357	5878	0.00404	0.00192	0.00156	0.00307	2.72	2.54	2.56	2.67	0.02003	0.00956	0.00776	0.01523	0.961	0.9862	0.9903	0.9768	4.761	4.9079	4.9327	4.8492	30.33	36.04	35.94	31.06
Italy	2011	Females	60-64	1315901	441348	178003	1935252	7602	1213	361	9176	0.00578	0.00275	0.00203	0.00474	2.68	2.47	2.49	2.64	0.0285	0.01365	0.01009	0.02345	0.9417	0.9768	0.9826	0.9619	4.6463	4.8502	4.8882	4.7562	25.89	31.36	31.2	26.49
Italy	2011	Females	65-69	1270716	270359	97033	1638108	10782	977	342	12101	0.00848	0.00361	0.00352	0.00739	2.72	2.49	2.47	2.7	0.04162	0.01791	0.01747	0.03632	0.9149	0.9635	0.9727	0.9393	4.4876	4.774	4.8205	4.6181	21.58	26.76	26.49	22.07
Italy	2011	Females	70-74	1413845	210739	60304	1684888	19035	1171	318	20524	0.01346	0.00556	0.00527	0.01218	2.73	2.57	2.54	2.72	0.06532	0.02741	0.02603	0.05926	0.8768	0.9462	0.9557	0.9052	4.254	4.668	4.7174	4.4036	17.39	22.2	21.92	17.8
Italy	2011	Females	75-79	1270351	125344	35519	1431214	31683	1373	406	33462	0.02494	0.01095	0.01143	0.02338	2.72	2.62	2.66	2.72	0.11801	0.05338	0.05566	0.11098	0.8195	0.9203	0.9308	0.8516	3.8776	4.4845	4.5327	4.0424	13.42	17.76	17.44	13.75
Italy	2011	Females	80-84	1065693	99060	29343	1194096	53233	1973	623	55829	0.04995	0.01992	0.02123	0.04675	2.96	2.89	2.89	2.95	0.22663	0.09557	0.10162	0.21336	0.7228	0.8711	0.879	0.7571	3.2794	4.1802	4.207	3.4548	9.85	13.61	13.31	10.12
Italy	2011	Females	85+	1067589	87074	27316	1181979	148427	5076	1587	155090	0.14557	0.10262	0.10542	0.14148	6.87	9.74	9.49	7.07	1	1	1	1	0.559	0.7879	0.7897	0.5955	3.8402	7.6778	7.4909	4.2094	6.87	9.74	9.49	7.07
Italy	1991	Males	30-34	1193784	671740	174143	2039667	2640	509	103	3251	0.00221	0.00076	0.00059	0.00159	2.46	2.47	2.7	2.47	0.01099	0.00378	0.00294	0.00794	1	1	1	1	4.972	4.9904	4.9932	4.9799	44.79	49.13	51.48	45.55
Italy	1991	Males	35-39	1151082	555256	187117	1893455	2364	464	153	2981	0.00205	0.00084	0.00082	0.00157	2.56	2.58	2.62	2.57	0.01022	0.00417	0.00408	0.00784	0.989	0.9962	0.9971	0.9921	4.9204	4.971	4.9756	4.9414	40.26	44.31	46.63	40.89
Italy	1991	Males	40-44	1295917	477626	177064	1950607	3353	676	187	4216	0.00259	0.00142	0.00106	0.00216	2.66	2.59	2.57	2.65	0.01286	0.00706	0.00527	0.01075	0.9789	0.9921	0.993	0.9843	4.8651	4.9434	4.9522	4.8965	35.65	39.48	41.81	36.2
Italy	1991	Males	45-49	1249094	326313	123093	1698500	4980	748	214	5941	0.00399	0.00229	0.00174	0.0035	2.73	2.59	2.65	2.71	0.01975	0.0114	0.00864	0.01735	0.9663	0.9851	0.9878	0.9737	4.7883	4.8983	4.9187	4.8298	31.08	34.74	37.01	31.56
Italy	1991	Males	50-54	1423846	260380	101224	1785450	8874	1014	338	10226	0.00623	0.0039	0.00334	0.00573	2.74	2.58	2.61	2.72	0.03073	0.0193	0.01657	0.02827	0.9472	0.9738	0.9792	0.9568	4.6702	4.8238	4.8573	4.7223	26.65	30.11	32.31	27.07
Italy	1991	Males	55-59	1387922	162263	71084	1621269	15054	1149	389	16592	0.01085	0.00708	0.00547	0.01023	2.71	2.6	2.69	2.7	0.05292	0.03482	0.02702	0.04999	0.9181	0.9551	0.963	0.9298	4.4793	4.6955	4.755	4.542	22.41	25.66	27.81	22.78
Italy	1991	Males	60-64	1342984	135609	67753	1546346	24012	1572	702	26286	0.01788	0.01159	0.01036	0.017	2.66	2.62	2.68	2.65	0.0858	0.0564	0.05058	0.08173	0.8695	0.9218	0.937	0.8833	4.1728	4.4852	4.575	4.247	18.51	21.49	23.51	18.84
Italy	1991	Males	65-69	1163729	110299	64913	1338941	32977	2047	997	36021	0.02834	0.01856	0.01536	0.0269	2.54	2.51	2.52	2.53	0.13244	0.08868	0.074	0.12614	0.7949	0.8698	0.8896	0.8111	3.7152	4.1568	4.2847	3.8031	14.99	17.62	19.62	15.28
Italy	1991	Males	70-74	709429	57121	38250	804800	29614	1643	799	32057	0.04174	0.02877	0.0209	0.03983	2.59	2.48	2.51	2.58	0.18965	0.13412	0.09933	0.18167	0.6896	0.7927	0.8237	0.7088	3.1332	3.695	3.9151	3.2326	11.9	14.09	15.99	12.12
Italy	1991	Males	75-79	665667	37954	27828	731449	45901	1855	1038	48794	0.06895	0.04887	0.03731	0.06671	2.57	2.49	2.49	2.56	0.29528	0.21769	0.1706	0.28693	0.5589	0.6864	0.7419	0.58	2.3932	3.0571	3.3921	2.4947	9.07	10.88	12.48	9.23
Italy	1991	Males	80-84	406356	20497	13471	440324	44853	1575	758	47186	0.11038	0.07684	0.05624	0.10716	2.47	2.44	2.43	2.47	0.43153	0.32103	0.24567	0.42156	0.3938	0.537	0.6154	0.4136	1.5397	2.2432	2.6881	1.627	6.8	8.22	9.53	6.92
Italy	1991	Males	85+	197413	9958	6544	213915	40074	1390	780	42244	0.19681	0.16798	0.14618	0.19392	5.08	5.95	6.84	5.16	1	1	1	1	0.2239	0.3646	0.4642	0.2392	1.1376	2.1703	3.1753	1.2337	5.08	5.95	6.84	5.16
Italy	2011	Males	30-34	627288	909253	347200	1883741	805	288	68	1161	0.00128	0.00032	0.0002	0.00062	2.67	2.6	2.7	2.66	0.0064	0.00158	0.00098	0.00308	1	1	1	1	4.9851	4.9962	4.9977	4.9928	48.34	56.1	56.34	50.63
Italy	2011	Males	35-39	856618	1035560	379364	2271542	1252	441	95	1788	0.00146	0.00043	0.00025	0.00079	2.74	2.63	2.64	2.7	0.00728	0.00213	0.00125	0.00393	0.9936	0.9984	0.999	0.9969	4.9516	4.987	4.9922	4.9756	43.64	51.18	51.39	45.78
Italy	2011	Males	40-44	1046410	993634	338239	2378283	2229	557	133	2919	0.00213	0.00056	0.00039	0.00123	2.73	2.68	2.61	2.72	0.0106	0.0028	0.00196	0.00612	0.9864	0.9963	0.9978	0.993	4.9081	4.975	4.9842	4.9512	38.94	46.28	46.45	40.95
Italy	2011	Males	45-49	1123857	938141	293812	2355810	3757	921	165	4843	0.00334	0.00098	0.00056	0.00206	2.66	2.7	2.7	2.67	0.01658	0.0049	0.0028	0.01023	0.9759	0.9935	0.9958	0.9869	4.8416	4.9563	4.9726	4.9111	34.33	41.41	41.54	36.18
Italy	2011	Males	50-54	965524	807312	252951	2025787	5066	1434	293	6793	0.00525	0.00178	0.00116	0.00335	2.66	2.64	2.75	2.66	0.02592	0.00884	0.00578	0.01664	0.9597	0.9886	0.993	0.9768	4.7403	4.9226	4.9522	4.8461	29.86	36.6	36.65	31.53
Italy	2011	Males	55-59	930788	646550	231593	1808931	7566	1906	519	9991	0.00813	0.00295	0.00224	0.00552	2.72	2.61	2.68	2.7	0.0399	0.01464	0.01115	0.02727	0.9349	0.9799	0.9873	0.9606	4.5894	4.8652	4.9109	4.7427	25.58	31.9	31.84	27.02
Italy	2011	Males	60-64	1067648	535040	202193	1804881	13198	2420	753	16371	0.01236	0.00452	0.00372	0.00907	2.67	2.54	2.59	2.65	0.06008	0.02237	0.01846	0.0444	0.8975	0.9656	0.9763	0.9344	4.3621	4.7746	4.8379	4.5743	21.53	27.33	27.17	22.7
Italy	2011	Males	65-69	1011355	339523	131046	1481924	18327	2350	836	21513	0.01812	0.00692	0.00638	0.01452	2.68	2.53	2.57	2.66	0.08695	0.03403	0.03141	0.0702	0.8436	0.944	0.9583	0.8929	4.048	4.6404	4.718	4.3178	17.74	22.9	22.63	18.63
Italy	2011	Males	70-74	1082412	244529	100703	1427644	29113	2726	1014	32853	0.0269	0.01115	0.01007	0.02301	2.66	2.51	2.59	2.65	0.12652	0.05424	0.04915	0.10915	0.7703	0.9118	0.9282	0.8302	3.6233	4.4361	4.5307	3.9377	14.17	18.62	18.28	14.84
Italy	2011	Males	75-79	890063	129716	60874	1080653	40674	2505	1254	44433	0.0457	0.01931	0.0206	0.04112	2.61	2.54	2.63	2.61	0.20601	0.09217	0.09821	0.18718	0.6728	0.8624	0.8825	0.7396	3.0331	4.1162	4.2076	3.3669	10.84	14.54	14.1	11.33
Italy	2011	Males	80-84	622833	83743	43469	750045	50964	3181	1820	55965	0.08183	0.03799	0.04187	0.07462	2.64	2.63	2.74	2.65	0.34302	0.17422	0.19127	0.31735	0.5342	0.7829	0.7959	0.6012	2.2394	3.5908	3.6358	2.5569	7.98	10.76	10.34	8.34
Italy	2011	Males	85+	424652	54840	34928	514420	76012	4444	3378	83834	0.17363	0.13371	0.14002	0.16709	5.76	7.48	7.14	5.98	1	1	1	1	0.351	0.6465	0.6436	0.4104	2.0214	4.8353	4.5967	2.456	5.76	7.48	7.14	5.98
Italy	1991	All	30-34	2350236	1379024	332600	4061860	3529	752	166	4446	0.0015	0.00054	0.0005	0.00109	2.49	2.47	2.66	2.49	0.00748	0.00272	0.00249	0.00546	1	1	1	1	4.9812	4.9931	4.9942	4.9863	48.12	52.35	52.62	48.62
Italy	1991	All	35-39	2362590	1080932	349753	3793275	3445	694	210	4348	0.00146	0.00064	0.0006	0.00115	2.6	2.57	2.63	2.6	0.00726	0.0032	0.00299	0.00572	0.9925	0.9973	0.9975	0.9945	4.9453	4.9786	4.9805	4.959	43.47	47.48	47.75	43.87
Italy	1991	All	40-44	2735167	869181	319511	3923859	5174	986	299	6459	0.00189	0.00113	0.00094	0.00165	2.67	2.58	2.58	2.65	0.00942	0.00565	0.00467	0.0082	0.9853	0.9941	0.9945	0.9889	4.905	4.9568	4.9614	4.9253	38.77	42.63	42.88	39.11
Italy	1991	All	45-49	2656978	575844	202597	3435419	7748	1074	322	9143	0.00292	0.00186	0.00159	0.00266	2.73	2.58	2.59	2.71	0.01448	0.00928	0.00791	0.01323	0.976	0.9885	0.9899	0.9808	4.848	4.9201	4.9306	4.874	34.11	37.85	38.07	34.41
Italy	1991	All	50-54	3033534	466198	151085	3650817	13641	1386	443	15470	0.0045	0.00297	0.00293	0.00424	2.72	2.57	2.58	2.71	0.02226	0.01476	0.01455	0.02098	0.9619	0.9793	0.9821	0.9678	4.7607	4.8614	4.8757	4.7923	29.57	33.19	33.36	29.84
Italy	1991	All	55-59	2971635	295512	103391	3370538	22403	1567	494	24463	0.00754	0.0053	0.00477	0.00726	2.71	2.6	2.66	2.7	0.03705	0.02617	0.02361	0.03569	0.9405	0.9648	0.9678	0.9475	4.6225	4.7635	4.7854	4.6596	25.18	28.64	28.81	25.42
Italy	1991	All	60-64	2933150	257000	98886	3289036	35974	2127	827	38928	0.01226	0.00828	0.00837	0.01184	2.67	2.62	2.68	2.67	0.05962	0.04058	0.04104	0.05759	0.9056	0.9396	0.9449	0.9137	4.4024	4.6073	4.6346	4.4456	21.05	24.34	24.44	21.26
Italy	1991	All	65-69	2688634	215883	93106	2997623	51857	2824	1203	55884	0.01929	0.01308	0.01293	0.01864	2.56	2.51	2.52	2.56	0.0921	0.06334	0.06262	0.08915	0.8516	0.9015	0.9061	0.861	4.0669	4.3653	4.3899	4.1177	17.21	20.26	20.37	17.39
Italy	1991	All	70-74	1743215	113874	52906	1909995	51068	2308	935	54311	0.0293	0.02027	0.01767	0.02844	2.65	2.5	2.5	2.64	0.13703	0.09645	0.08461	0.13323	0.7732	0.8444	0.8494	0.7843	3.6167	4.0182	4.0672	3.6746	13.7	16.46	16.57	13.85
Italy	1991	All	75-79	1724882	77160	35914	1837956	87950	2824	1200	91974	0.05099	0.0366	0.03341	0.05004	2.62	2.53	2.5	2.61	0.22731	0.16785	0.15418	0.2235	0.6673	0.7629	0.7775	0.6798	2.9747	3.4984	3.588	3.0361	10.45	12.95	12.87	10.57
Italy	1991	All	80-84	1155849	52407	17586	1225841	100117	2731	937	103785	0.08662	0.05211	0.05331	0.08466	2.57	2.58	2.46	2.57	0.35784	0.23132	0.23481	0.35113	0.5156	0.6349	0.6576	0.5279	2.13	2.8182	2.8966	2.1892	7.76	10.06	9.76	7.86
Italy	1991	All	85+	688656	30872	9241	728770	122759	3808	1038	127605	0.17694	0.13686	0.14295	0.17481	5.65	7.31	7	5.72	1	1	1	1	0.3311	0.488	0.5032	0.3425	1.8711	3.5657	3.5203	1.9593	5.65	7.31	7	5.72
Italy	2011	All	30-34	1097954	1807222	876193	3781369	1150	445	117	1712	0.00105	0.00025	0.00013	0.00045	2.7	2.68	2.69	2.69	0.00522	0.00123	0.00067	0.00226	1	1	1	1	4.988	4.9971	4.9985	4.9948	51.2	58.13	57.86	52.99
Italy	2011	All	35-39	1541625	2103177	919361	4564163	1834	772	171	2777	0.00119	0.00037	0.00019	0.00061	2.76	2.66	2.66	2.72	0.00593	0.00183	0.00093	0.00304	0.9948	0.9988	0.9993	0.9977	4.9606	4.9896	4.9945	4.9818	46.46	53.2	52.9	48.1
Italy	2011	All	40-44	1946024	2077341	772217	4795582	3413	1020	248	4681	0.00175	0.00049	0.00032	0.00098	2.74	2.68	2.65	2.73	0.00873	0.00245	0.0016	0.00487	0.9889	0.9969	0.9984	0.9947	4.9249	4.979	4.9883	4.9625	41.72	48.29	47.94	43.24
Italy	2011	All	45-49	2150851	1983172	638267	4772290	5843	1658	349	7850	0.00272	0.00084	0.00055	0.00164	2.67	2.68	2.68	2.67	0.0135	0.00417	0.00273	0.00819	0.9802	0.9945	0.9968	0.9899	4.8703	4.9628	4.9777	4.9304	37.06	43.4	43.02	38.44
Italy	2011	All	50-54	1963134	1657091	526067	4146292	8088	2417	544	11049	0.00412	0.00146	0.00103	0.00266	2.66	2.62	2.7	2.65	0.0204	0.00727	0.00516	0.01324	0.967	0.9903	0.9941	0.9818	4.7888	4.9346	4.9586	4.8782	32.53	38.57	38.13	33.74
Italy	2011	All	55-59	2005216	1259508	460817	3725541	11909	3084	876	15869	0.00594	0.00245	0.0019	0.00426	2.72	2.58	2.64	2.69	0.0293	0.01217	0.00946	0.02109	0.9473	0.9831	0.989	0.9688	4.6732	4.8868	4.9226	4.7966	28.15	33.84	33.31	29.15
Italy	2011	All	60-64	2383549	976388	380196	3740133	20800	3633	1114	25547	0.00873	0.00372	0.00293	0.00683	2.67	2.51	2.56	2.64	0.04276	0.01843	0.01455	0.03361	0.9195	0.9712	0.9796	0.9483	4.5061	4.8114	4.8632	4.6665	23.92	29.22	28.6	24.72
Italy	2011	All	65-69	2282071	609882	228079	3120032	29109	3327	1178	33614	0.01276	0.00546	0.00516	0.01077	2.7	2.52	2.54	2.67	0.06196	0.02691	0.0255	0.05255	0.8802	0.9533	0.9653	0.9164	4.2753	4.7027	4.7661	4.4701	19.87	24.72	23.99	20.49
Italy	2011	All	70-74	2496257	455268	161007	3112532	48148	3897	1332	53377	0.01929	0.00856	0.00827	0.01715	2.69	2.53	2.58	2.67	0.09232	0.04191	0.04055	0.08245	0.8257	0.9276	0.9407	0.8683	3.952	4.5421	4.6111	4.1748	16	20.34	19.55	16.48
Italy	2011	All	75-79	2160414	255060	96393	2511867	72357	3878	1660	77895	0.03349	0.0152	0.01722	0.03101	2.66	2.57	2.64	2.66	0.1553	0.07331	0.08274	0.14455	0.7494	0.8887	0.9026	0.7967	3.475	4.2852	4.3366	3.7136	12.36	16.12	15.27	12.72
Italy	2011	All	80-84	1688526	182803	72812	1944141	104197	5154	2443	111794	0.06171	0.02819	0.03355	0.0575	2.8	2.73	2.78	2.8	0.27172	0.13249	0.15614	0.25523	0.6331	0.8236	0.8279	0.6815	2.7875	3.8701	3.8528	3.025	9.14	12.19	11.41	9.42
Italy	2011	All	85+	1492241	141914	62244	1696399	224439	9520	4965	238924	0.15373	0.11585	0.12498	0.1495	6.51	8.63	8	6.69	1	1	1	1	0.461	0.7145	0.6986	0.5076	2.9991	6.167	5.59	3.3951	6.51	8.63	8	6.69
Denmark	1989/90	Females	30-34	149535	116090	96439	362064	151	44	40	235	0.00101	0.00038	0.00041	0.00065	2.61	2.89	2.78	2.69	0.00504	0.00189	0.00207	0.00324	1	1	1	1	4.988	4.996	4.9954	4.9925	47.95	50.32	52.86	48.58
Denmark	1989/90	Females	35-39	135671	127555	101914	365140	232	127	93	452	0.00171	0.001	0.00091	0.00124	2.72	2.88	2.7	2.76	0.00852	0.00497	0.00455	0.00617	0.995	0.9981	0.9979	0.9968	4.9555	4.98	4.9792	4.97	43.18	45.4	47.96	43.73
Denmark	1989/90	Females	40-44	160847	157212	88976	407035	396	278	129	803	0.00246	0.00177	0.00145	0.00197	2.69	2.68	2.54	2.66	0.01224	0.00881	0.00722	0.00982	0.9865	0.9931	0.9934	0.9906	4.9045	4.9455	4.9493	4.9303	38.52	40.62	43.17	38.98
Denmark	1989/90	Females	45-49	164102	115586	57106	336794	592	367	119	1078	0.00361	0.00318	0.00208	0.0032	2.71	2.56	2.55	2.64	0.01789	0.01575	0.01037	0.01588	0.9744	0.9844	0.9862	0.9809	4.8321	4.8841	4.906	4.8676	33.97	35.95	38.46	34.34
Denmark	1989/90	Females	50-54	162209	80912	38340	281461	981	378	156	1515	0.00605	0.00467	0.00407	0.00538	2.71	2.57	2.55	2.66	0.02983	0.0231	0.02014	0.02658	0.957	0.9689	0.976	0.9653	4.7196	4.79	4.8318	4.7664	29.54	31.49	33.84	29.85
Denmark	1989/90	Females	55-59	167691	63710	27185	258586	1589	485	157	2231	0.00948	0.00761	0.00578	0.00863	2.69	2.58	2.52	2.66	0.04637	0.03738	0.02847	0.04228	0.9284	0.9465	0.9563	0.9396	4.543	4.6472	4.7142	4.6052	25.36	27.17	29.48	25.6
Denmark	1989/90	Females	60-64	185650	52571	21968	260189	2469	562	185	3216	0.01329	0.01095	0.00784	0.01236	2.71	2.54	2.5	2.67	0.0645	0.05333	0.03846	0.06007	0.8854	0.9111	0.9291	0.8999	4.2962	4.4363	4.5562	4.3735	21.46	23.13	25.27	21.61
Denmark	1989/90	Females	65-69	211722	37195	14018	262935	0	0	0	4838	0.01925	0.01627	0.01125	0.0184	2.7	2.31	2.28	2.63	0.09215	0.07792	0.05459	0.08816	0.8283	0.8625	0.8934	0.8459	3.9656	4.1316	4.3344	4.0528	17.76	19.29	21.18	17.82
Denmark	1989/90	Females	70-74	223851	430	520	224801	0	0	0	6323	0.02816	0.0245	0.01666	0.02813	2.66	2.5	2.5	2.64	0.13211	0.11545	0.07999	0.13188	0.752	0.7953	0.8446	0.7713	3.5277	3.7471	4.0541	3.6163	14.29	15.72	17.28	14.29
Denmark	1989/90	Females	75-79	199176	173	350	199699	0	0	0	9057	0.04539	0.04087	0.0279	0.04535	2.6	2.28	2.47	2.6	0.20467	0.18387	0.13031	0.20452	0.6526	0.7035	0.777	0.6696	2.9428	3.1654	3.6289	3.0194	11.06	12.45	13.56	11.06
Denmark	1989/90	Females	80-84	141119	42	143	141304	0	0	0	10751	0.07611	0.0713	0.0504	0.07608	2.51	2.05	2.36	2.51	0.32	0.29458	0.22244	0.31989	0.519	0.5742	0.6758	0.5326	2.1822	2.3722	2.9824	2.2394	8.23	9.74	10.22	8.23
Denmark	1989/90	Females	85-89	75401	5	52	75458	0	0	0	9735	0.12904	0.1258	0.09603	0.12901	2.39	7.95	2.29	2.39	0.48256	1	0.38092	0.48249	0.353	0.405	0.5255	0.3622	1.3199	3.2196	2.0844	1.3547	5.92	7.95	7.47	5.92
Denmark	1989/90	Females	90-94	26671	0	12	26683	0	0	0	5528	0.20719	0	0.17663	0.20717	2.19	0	5.66	2.19	0.65503	1	1	0.65499	0.1826	0	0.3253	0.1875	0.5774	0	1.8417	0.5927	4.22	0	5.66	4.22
Denmark	1989/90	Females	95-99	5235	0	0	5235	0	0	0	1594	0.30449	0	0	0.30449	1.79	0	0	1.79	0.77002	1	1	0.76999	0.063	0	0	0.0647	0.1593	0	0	0.1636	3.06	0	0	3.06
Denmark	1989/90	Females	100+	230	0	0	230	0	0	0	100	0.43478	0	0	0.43478	2.3	0	0	2.3	1	1	1	1	0.0145	0	0	0.0149	0.0333	0	0	0.0342	2.3	0	0	2.3
Denmark	2009/10	Females	30-34	66438	133260	156985	356683	55	48	39	142	0.00083	0.00036	0.00025	0.0004	2.64	2.62	2.59	2.62	0.00413	0.0018	0.00124	0.00199	1	1	1	1	4.9903	4.9957	4.997	4.9953	49.15	53.01	54.71	51.51
Denmark	2009/10	Females	35-39	69294	156481	158084	383859	93	76	55	224	0.00134	0.00049	0.00035	0.00058	2.79	2.86	2.72	2.8	0.00669	0.00243	0.00174	0.00291	0.9959	0.9982	0.9988	0.998	4.9646	4.9858	4.9898	4.9836	44.34	48.1	49.77	46.6
Denmark	2009/10	Females	40-44	79315	187945	145551	412811	184	179	98	461	0.00232	0.00095	0.00067	0.00112	2.76	2.77	2.72	2.76	0.01154	0.00475	0.00336	0.00557	0.9892	0.9958	0.997	0.9951	4.9205	4.9683	4.9775	4.9631	39.62	43.21	44.85	41.73
Denmark	2009/10	Females	45-49	93100	166847	129366	389313	326	306	157	789	0.0035	0.00183	0.00121	0.00203	2.77	2.66	2.74	2.72	0.01737	0.00913	0.00605	0.01009	0.9778	0.991	0.9937	0.9896	4.8511	4.9341	4.9547	4.925	35.05	38.4	40	36.95
Denmark	2009/10	Females	50-54	113230	127597	120511	361338	605	413	276	1294	0.00534	0.00324	0.00229	0.00358	2.68	2.66	2.68	2.67	0.02639	0.01606	0.01139	0.01776	0.9608	0.982	0.9877	0.9796	4.7451	4.8731	4.9121	4.8574	30.62	33.73	35.22	32.3
Denmark	2009/10	Females	55-59	108057	132440	110924	351421	835	629	389	1853	0.00773	0.00475	0.00351	0.00527	2.74	2.73	2.62	2.71	0.03797	0.02349	0.01739	0.02605	0.9355	0.9662	0.9764	0.9622	4.5971	4.7796	4.8416	4.7536	26.38	29.24	30.6	27.84
Denmark	2009/10	Females	60-64	135482	151218	90015	376715	1558	1125	501	3184	0.01167	0.00731	0.00553	0.00845	2.69	2.59	2.52	2.63	0.05682	0.0359	0.02729	0.04143	0.8999	0.9435	0.9594	0.9371	4.3815	4.636	4.7323	4.5936	22.31	24.87	26.09	23.51
Denmark	2009/10	Females	65-69	137711	104469	54119	296299	0	0	0	3831	0.01653	0.01062	0.00824	0.01293	2.65	2.51	2.48	2.59	0.07954	0.05172	0.04036	0.06269	0.8488	0.9097	0.9332	0.8983	4.0855	4.4309	4.5712	4.3557	18.49	20.7	21.75	19.41
Denmark	2009/10	Females	70-74	126934	66691	33028	226653	0	0	0	4840	0.0256	0.01709	0.01365	0.02135	2.67	2.56	2.54	2.63	0.12081	0.08202	0.06602	0.10163	0.7813	0.8626	0.8956	0.842	3.6866	4.1403	4.3327	4.0073	14.86	16.7	17.56	15.53
Denmark	2009/10	Females	75-79	111042	45264	20782	177088	0	0	0	6922	0.04459	0.03152	0.02614	0.03909	2.65	2.57	2.57	2.63	0.20186	0.14641	0.1229	0.17888	0.6869	0.7919	0.8365	0.7564	3.1092	3.6779	3.9329	3.4615	11.54	12.96	13.63	11.99
Denmark	2009/10	Females	80-84	97826	30259	13705	141790	0	0	0	9201	0.07072	0.0541	0.04708	0.06489	2.61	2.51	2.52	2.59	0.30255	0.23843	0.2108	0.28056	0.5482	0.6759	0.7337	0.6211	2.3453	2.9789	3.2846	2.6853	8.78	9.74	10.17	9.03
Denmark	2009/10	Females	85-89	75016	15682	6675	97373	0	0	0	10845	0.11607	0.09788	0.09034	0.11138	2.52	2.28	2.29	2.47	0.45043	0.38652	0.36275	0.43443	0.3824	0.5148	0.579	0.4468	1.4839	2.0327	2.3248	1.7429	6.46	7	7.22	6.55
Denmark	2009/10	Females	90-94	41580	127	144	41851	0	0	0	7596	0.1816	0.16854	0.16474	0.1815	2.35	2.5	2.5	2.29	0.61295	0.5929	0.58342	0.60845	0.2101	0.3158	0.369	0.2527	0.7093	1.1109	1.3067	0.8472	4.69	4.98	5.03	4.68
Denmark	2009/10	Females	95-99	11466	27	25	11518	0	0	0	3260	0.28305	0.27814	0.28015	0.28304	2.03	3.6	3.57	2.03	0.76873	1	1	0.76862	0.0813	0.1286	0.1537	0.099	0.2209	0.4622	0.5487	0.2687	3.39	3.6	3.57	3.39
Denmark	2009/10	Females	100+	612	0	0	612	0	0	0	209	0.3415	0	0	0.3415	2.93	0	0	2.93	1	1	1	1	0.0188	0	0	0.0229	0.0551	0	0	0.067	2.93	0	0	2.93
Denmark	1989/90	Males	30-34	124370	172926	83082	380378	297	228	65	590	0.00239	0.00132	0.00078	0.00155	2.53	2.62	2.59	2.57	0.01187	0.00657	0.0039	0.00773	1	1	1	1	4.9707	4.9844	4.9906	4.9813	42.16	44.45	46.43	43.4
Denmark	1989/90	Males	35-39	100866	190523	86815	378204	346	361	92	799	0.00343	0.00189	0.00106	0.00211	2.67	2.7	2.82	2.7	0.01702	0.00943	0.00529	0.01051	0.9881	0.9934	0.9961	0.9923	4.9015	4.9456	4.969	4.9374	37.64	39.72	41.6	38.71
Denmark	1989/90	Males	40-44	129993	194761	100067	424821	583	577	208	1368	0.00448	0.00296	0.00208	0.00322	2.65	2.6	2.63	2.63	0.02219	0.01471	0.01034	0.01598	0.9713	0.9841	0.9908	0.9818	4.8059	4.8855	4.9299	4.872	33.25	35.08	36.81	34.1
Denmark	1989/90	Males	45-49	127947	147497	71038	346482	767	633	224	1624	0.00599	0.00429	0.00315	0.00469	2.63	2.6	2.56	2.61	0.02955	0.02124	0.01565	0.02318	0.9498	0.9696	0.9806	0.9662	4.6824	4.7984	4.8655	4.7772	28.94	30.56	32.17	29.61
Denmark	1989/90	Males	50-54	119581	111882	48755	280218	1080	867	275	2222	0.00903	0.00775	0.00564	0.00793	2.7	2.63	2.6	2.66	0.04424	0.03805	0.02783	0.03892	0.9217	0.949	0.9652	0.9438	4.5145	4.6594	4.7617	4.6328	24.74	26.17	27.64	25.25
Denmark	1989/90	Males	55-59	118695	92409	36991	248095	1782	1173	352	3307	0.01501	0.01269	0.00952	0.01333	2.73	2.61	2.63	2.68	0.07259	0.0616	0.04653	0.06464	0.8809	0.9129	0.9384	0.907	4.2595	4.4298	4.5883	4.3988	20.76	22.1	23.35	21.16
Denmark	1989/90	Males	60-64	131709	74575	32397	238681	3019	1530	455	5004	0.02317	0.01961	0.01512	0.02097	2.75	2.55	2.56	2.67	0.11009	0.09357	0.07291	0.09994	0.817	0.8567	0.8947	0.8484	3.8821	4.0867	4.3147	4.0444	17.17	18.38	19.36	17.44
Denmark	1989/90	Males	65-69	153583	50204	20997	224784	0	0	0	7396	0.03507	0.03002	0.02395	0.0329	2.72	2.3	2.33	2.61	0.16238	0.13883	0.11257	0.15252	0.727	0.7765	0.8295	0.7636	3.3663	3.5914	3.8983	3.5397	13.96	15.01	15.69	14.08
Denmark	1989/90	Males	70-74	174362	226	2257	176845	0	0	0	8914	0.05059	0.04422	0.03684	0.05041	2.62	2.5	1.45	2.58	0.22579	0.1991	0.16291	0.22459	0.609	0.6687	0.7361	0.6471	2.718	3.0107	3.2551	2.8835	11.13	12.06	12.38	11.14
Denmark	1989/90	Males	75-79	134595	112	1363	136070	0	0	0	10674	0.07862	0.07082	0.06219	0.07844	2.5	2.33	2.45	2.5	0.3285	0.29772	0.26841	0.3279	0.4715	0.5356	0.6162	0.5018	1.9701	2.2514	2.6596	2.0975	8.62	9.44	9.51	8.63
Denmark	1989/90	Males	80-84	75768	31	636	76435	0	0	0	8866	0.11613	0.10822	0.10041	0.11599	2.38	2.17	2.34	2.38	0.44526	0.41414	0.39613	0.44485	0.3166	0.3761	0.4508	0.3373	1.2139	1.4394	1.7785	1.2934	6.61	7.46	7.1	6.61
Denmark	1989/90	Males	85-89	33273	16	223	33512	0	0	0	5627	0.16799	0.16134	0.15669	0.16791	2.26	6.2	2.2	2.26	0.57549	1	0.54468	0.57528	0.1756	0.2203	0.2722	0.1872	0.6017	1.3658	0.9463	0.6415	5	6.2	5.22	5.01
Denmark	1989/90	Males	90-94	10101	0	58	10159	0	0	0	2496	0.24572	0	0.24043	0.24569	2.08	0	2.03	2.08	0.71537	1	0.70107	0.71527	0.0746	0	0.1239	0.0795	0.217	0	0.3614	0.2315	3.72	0	3.82	3.72
Denmark	1989/90	Males	95-99	1773	0	10	1783	0	0	0	592	0.33204	0	0.33007	0.33202	1.63	0	3.03	1.63	0.78394	1	1	0.78392	0.0212	0	0.0371	0.0226	0.0501	0	0.1123	0.0535	2.84	0	3.03	2.84
Denmark	1989/90	Males	100+	75	0	0	75	0	0	0	34	0.45333	0	0	0.45333	2.21	0	0	2.21	1	1	1	1	0.0046	0	0	0.0049	0.0101	0	0	0.0108	2.21	0	0	2.21
Denmark	2009/10	Males	30-34	85732	157354	115679	358765	137	105	25	267	0.0016	0.00067	0.00022	0.00074	2.64	2.62	2.82	2.65	0.00796	0.00333	0.00108	0.00371	1	1	1	1	4.9812	4.9921	4.9976	4.9913	44.59	47.89	50.84	47.57
Denmark	2009/10	Males	35-39	92268	170646	126847	389761	232	165	63	460	0.00251	0.00097	0.0005	0.00118	2.75	2.74	2.78	2.75	0.0125	0.00482	0.00248	0.00589	0.992	0.9967	0.9989	0.9963	4.9323	4.9725	4.9891	4.9682	39.92	43.04	45.89	42.74
Denmark	2009/10	Males	40-44	102835	199120	124199	426154	414	296	111	821	0.00403	0.00149	0.00089	0.00193	2.68	2.73	2.67	2.7	0.01994	0.00741	0.00446	0.00959	0.9796	0.9919	0.9964	0.9904	4.8528	4.9427	4.9718	4.9302	35.39	38.24	41	37.97
Denmark	2009/10	Males	45-49	106761	184199	108297	399257	588	498	152	1238	0.00551	0.0027	0.0014	0.0031	2.7	2.74	2.73	2.72	0.02719	0.01344	0.007	0.01539	0.9601	0.9845	0.992	0.9809	4.7404	4.8927	4.9443	4.8702	31.06	33.5	36.17	33.31
Denmark	2009/10	Males	50-54	104890	162024	99155	366069	975	866	281	2122	0.0093	0.00534	0.00283	0.0058	2.61	2.74	2.73	2.68	0.04547	0.02641	0.01408	0.0286	0.934	0.9713	0.9851	0.9658	4.5685	4.7986	4.8939	4.7651	26.85	28.92	31.41	28.79
Denmark	2009/10	Males	55-59	83722	174804	91576	350102	1102	1515	466	3083	0.01316	0.00867	0.00509	0.00881	2.67	2.69	2.72	2.69	0.06386	0.04248	0.02515	0.04315	0.8915	0.9456	0.9712	0.9382	4.3252	4.6352	4.8003	4.5974	23.01	24.63	26.82	24.56
Denmark	2009/10	Males	60-64	105461	172182	96361	374004	1846	2177	865	4888	0.01799	0.01286	0.00807	0.01307	2.64	2.57	2.59	2.6	0.08628	0.06233	0.03957	0.06336	0.8346	0.9055	0.9468	0.8977	4.0031	4.3902	4.6435	4.3521	19.39	20.61	22.44	20.55
Denmark	2009/10	Males	65-69	97753	121125	63732	282610	0	0	0	5450	0.02437	0.01873	0.01254	0.01928	2.61	2.53	2.53	2.56	0.11512	0.08951	0.06083	0.0921	0.7626	0.849	0.9093	0.8408	3.6028	4.0574	4.4099	4.0155	15.98	16.8	18.26	16.76
Denmark	2009/10	Males	70-74	81719	80345	39240	201304	0	0	0	6554	0.03816	0.03162	0.02281	0.03256	2.59	2.54	2.56	2.57	0.17475	0.14672	0.10801	0.15085	0.6748	0.773	0.854	0.7634	3.0903	3.5866	4.0445	3.5371	12.71	13.21	14.28	13.2
Denmark	2009/10	Males	75-79	63460	52135	24440	140035	0	0	0	7636	0.05979	0.05375	0.04253	0.05453	2.58	2.51	2.58	2.56	0.26118	0.23703	0.19282	0.24057	0.5569	0.6596	0.7617	0.6482	2.4325	2.909	3.4532	2.8599	9.86	10.04	10.69	10.09
Denmark	2009/10	Males	80-84	48703	29429	16025	94157	0	0	0	8574	0.09419	0.09154	0.08066	0.09106	2.53	2.42	2.49	2.49	0.38198	0.37028	0.33534	0.37053	0.4114	0.5033	0.6149	0.4923	1.6685	2.0357	2.5563	2.0032	7.43	7.38	7.63	7.48
Denmark	2009/10	Males	85-89	29791	11723	6558	48072	0	0	0	7128	0.1473	0.15147	0.14703	0.14828	2.44	2.19	2.24	2.35	0.53502	0.53097	0.52289	0.53234	0.2543	0.3169	0.4087	0.3099	0.9236	1.1109	1.4533	1.1125	5.46	5.3	5.23	5.42
Denmark	2009/10	Males	90-94	14589	46	336	14971	0	0	0	3496	0.23311	0.24451	0.24988	0.23352	2.29	2.5	0.17	2.13	0.71404	0.75874	0.56612	0.69923	0.1182	0.1486	0.195	0.1449	0.3622	0.4613	0.4417	0.4339	3.93	3.82	3.51	3.91
Denmark	2009/10	Males	95-99	2855	7	73	2935	0	0	0	946	0.32173	0.33509	0.34421	0.32232	1.74	2.98	1.82	1.74	0.78485	1	0.82118	0.78574	0.0338	0.0359	0.0846	0.0436	0.0825	0.107	0.2018	0.1063	3.03	2.98	2.86	3.03
Denmark	2009/10	Males	100+	109	0	4	113	0	0	0	41	0.36227	0	0.37808	0.36283	2.76	0	2.64	2.76	1	1	1	1	0.0073	0	0.0151	0.0093	0.0201	0	0.04	0.0257	2.76	0	2.64	2.76
Denmark	1989/90	All	30-34	273905	289016	179521	742442	448	272	105	825	0.00164	0.00094	0.00058	0.00111	2.56	2.67	2.66	2.61	0.00815	0.0047	0.00292	0.00554	1	1	1	1	4.9801	4.989	4.9932	4.9867	45.25	46.77	48.85	46
Denmark	1989/90	All	35-39	236537	318078	188729	743344	578	488	185	1251	0.00244	0.00153	0.00098	0.00168	2.69	2.75	2.76	2.72	0.01215	0.00764	0.00489	0.00838	0.9919	0.9953	0.9971	0.9945	4.9315	4.9594	4.9745	4.9533	40.6	41.98	43.99	41.24
Denmark	1989/90	All	40-44	290840	351973	189043	831856	979	855	337	2171	0.00337	0.00243	0.00178	0.00261	2.67	2.62	2.6	2.64	0.0167	0.01208	0.00888	0.01297	0.9798	0.9877	0.9922	0.9861	4.8608	4.9101	4.9399	4.9004	36.06	37.28	39.19	36.56
Denmark	1989/90	All	45-49	292049	263083	128144	683276	1359	1000	343	2702	0.00465	0.0038	0.00268	0.00395	2.67	2.58	2.56	2.62	0.02302	0.01883	0.0133	0.01959	0.9634	0.9758	0.9834	0.9733	4.7654	4.8344	4.885	4.8213	31.63	32.71	34.52	32.01
Denmark	1989/90	All	50-54	281790	192794	87095	561679	2061	1245	431	3737	0.00731	0.00646	0.00495	0.00665	2.7	2.61	2.58	2.66	0.03597	0.0318	0.02445	0.03276	0.9413	0.9574	0.9703	0.9543	4.6286	4.7142	4.7942	4.6981	27.31	28.29	29.95	27.6
Denmark	1989/90	All	55-59	286386	156119	64176	506681	3371	1658	509	5538	0.01177	0.01062	0.00793	0.01093	2.72	2.6	2.59	2.67	0.05731	0.05178	0.03891	0.05329	0.9074	0.9269	0.9466	0.923	4.4182	4.5195	4.6442	4.5004	23.23	24.13	25.63	23.44
Denmark	1989/90	All	60-64	317359	127146	54365	498870	5488	2092	640	8220	0.01746	0.01598	0.01191	0.01648	2.73	2.55	2.54	2.67	0.08397	0.07688	0.05787	0.07934	0.8554	0.879	0.9098	0.8738	4.114	4.229	4.4194	4.2075	19.48	20.3	21.57	19.61
Denmark	1989/90	All	65-69	365305	87399	35015	487719	0	0	0	12234	0.02598	0.02412	0.01818	0.02508	2.71	2.3	2.31	2.62	0.12259	0.11324	0.08667	0.11835	0.7836	0.8114	0.8571	0.8045	3.698	3.809	4.086	3.7958	16.01	16.78	17.73	16.07
Denmark	1989/90	All	70-74	398213	656	2777	401646	0	0	0	15237	0.03801	0.03589	0.0277	0.03794	2.64	2.5	0.99	2.6	0.17441	0.16467	0.12462	0.17387	0.6875	0.7195	0.7828	0.7093	3.1546	3.3013	3.5225	3.2507	12.87	13.63	14.2	12.88
Denmark	1989/90	All	75-79	333771	285	1713	335769	0	0	0	19731	0.05883	0.05657	0.04538	0.05876	2.55	2.28	2.45	2.55	0.25707	0.24512	0.20335	0.25679	0.5676	0.601	0.6853	0.586	2.4801	2.6042	3.071	2.5606	10.04	10.83	11.08	10.04
Denmark	1989/90	All	80-84	216887	73	779	217739	0	0	0	19617	0.09015	0.08828	0.0747	0.09009	2.45	2.07	2.35	2.45	0.36661	0.3508	0.31172	0.36641	0.4217	0.4537	0.5459	0.4355	1.7149	1.8028	2.278	1.7711	7.63	8.6	8.28	7.63
Denmark	1989/90	All	85-89	108674	21	275	108970	0	0	0	15362	0.14101	0.14026	0.12634	0.14097	2.34	7.13	2.24	2.34	0.5129	1	0.46832	0.51278	0.2671	0.2945	0.3757	0.2759	0.9715	2.1	1.3928	1.0036	5.62	7.13	5.97	5.62
Denmark	1989/90	All	90-94	36772	0	70	36842	0	0	0	8024	0.21781	0	0.20831	0.21779	2.16	0	2.05	2.16	0.67268	1	0.64491	0.67262	0.1301	0	0.1998	0.1344	0.4018	0	0.6185	0.4152	4.07	0	4.25	4.07
Denmark	1989/90	All	95-99	7008	0	10	7018	0	0	0	2186	0.31149	0	0.30716	0.31148	1.75	0	3.26	1.75	0.77376	1	1	0.77371	0.0426	0	0.0709	0.044	0.1058	0	0.2309	0.1093	3	0	3.26	3
Denmark	1989/90	All	100+	305	0	0	305	0	0	0	134	0.43934	0	0	0.43934	2.28	0	0	2.28	1	1	1	1	0.0096	0	0	0.01	0.0219	0	0	0.0227	2.28	0	0	2.28
Denmark	2009/10	All	30-34	152170	290614	272664	715448	192	153	64	409	0.00126	0.00053	0.00023	0.00057	2.64	2.62	2.68	2.64	0.00629	0.00263	0.00117	0.00285	1	1	1	1	4.9852	4.9937	4.9973	4.9933	47.06	49.82	52.86	49.57
Denmark	2009/10	All	35-39	161562	327127	284931	773620	325	241	118	684	0.00201	0.00074	0.00041	0.00088	2.76	2.78	2.76	2.77	0.01001	0.00368	0.00207	0.00441	0.9937	0.9974	0.9988	0.9971	4.9463	4.9787	4.9895	4.9759	42.34	44.94	47.92	44.7
Denmark	2009/10	All	40-44	182150	387065	269750	838965	598	475	209	1282	0.00328	0.00123	0.00077	0.00153	2.71	2.75	2.69	2.72	0.01629	0.00612	0.00387	0.00761	0.9838	0.9937	0.9968	0.9927	4.882	4.9548	4.9749	4.9465	37.74	40.1	43.01	39.89
Denmark	2009/10	All	45-49	199861	351046	237663	788570	914	804	309	2027	0.00457	0.00229	0.0013	0.00257	2.72	2.71	2.73	2.72	0.02263	0.01139	0.00648	0.01278	0.9677	0.9876	0.9929	0.9852	4.7888	4.9123	4.95	4.8972	33.32	35.33	38.17	35.17
Denmark	2009/10	All	50-54	218120	289621	219666	727407	1580	1279	557	3416	0.00724	0.00442	0.00254	0.0047	2.63	2.72	2.7	2.68	0.03561	0.02186	0.0126	0.02323	0.9458	0.9764	0.9865	0.9726	4.6495	4.8332	4.9038	4.8105	29.03	30.7	33.4	30.59
Denmark	2009/10	All	55-59	191779	307244	202500	701523	1937	2144	855	4936	0.0101	0.00698	0.00422	0.00704	2.7	2.71	2.67	2.7	0.04935	0.03434	0.02091	0.03462	0.9122	0.955	0.974	0.95	4.4572	4.6999	4.8226	4.6743	25.01	26.33	28.79	26.26
Denmark	2009/10	All	60-64	240943	323400	186376	750719	3404	3302	1366	8072	0.01422	0.01055	0.00663	0.01075	2.66	2.58	2.56	2.61	0.0688	0.05143	0.0326	0.05242	0.8671	0.9222	0.9537	0.9171	4.1962	4.4965	4.6924	4.4708	21.17	22.17	24.35	22.1
Denmark	2009/10	All	65-69	235464	225594	117851	578909	0	0	0	9281	0.01956	0.01545	0.0101	0.01603	2.63	2.52	2.51	2.57	0.09345	0.07441	0.04927	0.07716	0.8075	0.8748	0.9226	0.869	3.8587	4.2127	4.4996	4.1826	17.53	18.23	20.08	18.18
Denmark	2009/10	All	70-74	208653	147036	72268	427957	0	0	0	11394	0.03044	0.02563	0.01763	0.02662	2.63	2.55	2.55	2.6	0.14197	0.12059	0.08448	0.12511	0.732	0.8097	0.8771	0.802	3.4142	3.8092	4.2041	3.7688	14.07	14.49	15.99	14.48
Denmark	2009/10	All	75-79	174502	97399	45222	317123	0	0	0	14558	0.04977	0.04492	0.03311	0.04591	2.62	2.54	2.57	2.59	0.22253	0.20221	0.15325	0.20668	0.6281	0.7121	0.803	0.7017	2.8081	3.2054	3.7167	3.159	10.96	11.13	12.24	11.18
Denmark	2009/10	All	80-84	146529	59688	29730	235947	0	0	0	17775	0.07817	0.07554	0.06094	0.07533	2.58	2.46	2.5	2.54	0.32865	0.31685	0.26443	0.31778	0.4883	0.5681	0.68	0.5566	2.053	2.3829	2.9503	2.348	8.35	8.31	8.98	8.42
Denmark	2009/10	All	85-89	104807	27405	13233	145445	0	0	0	17973	0.12408	0.12667	0.11315	0.12357	2.49	2.23	2.26	2.42	0.47315	0.46893	0.4319	0.46861	0.3278	0.3881	0.5002	0.3797	1.2501	1.4366	1.9092	1.4401	6.17	6.02	6.31	6.16
Denmark	2009/10	All	90-94	56169	173	480	56822	0	0	0	11092	0.19514	0.2048	0.19906	0.19521	2.33	2.5	2.5	2.24	0.64165	0.67725	0.66458	0.63441	0.1727	0.2061	0.2841	0.2018	0.5679	0.6816	0.9486	0.6558	4.48	4.37	4.4	4.46
Denmark	2009/10	All	95-99	14321	34	98	14453	0	0	0	4206	0.29087	0.3046	0.30683	0.29101	1.96	3.28	1.85	1.96	0.77236	1	0.77988	0.7724	0.0619	0.0665	0.0953	0.0738	0.1643	0.2184	0.2422	0.1958	3.32	3.28	3.15	3.31
Denmark	2009/10	All	100+	721	0	4	725	0	0	0	250	0.34475	0	0.35896	0.34483	2.9	0	2.79	2.9	1	1	1	1	0.0141	0	0.021	0.0168	0.0409	0	0.0584	0.0487	2.9	0	2.79	2.9
